%time,field.header.seq,field.header.stamp,field.header.frame_id,field.latitude,field.longitude,field.altitude,field.utm_easting,field.utm_northing,field.zone,field.letter
1580243264102372322,1,1580243264101073026,gps,42.3410296667,-71.0886863333,-94.7,327943,4689754,19,T
1580243265107997745,2,1580243265107072114,gps,42.3410166667,-71.0886813333,-95.9,327943,4689752,19,T
1580243266113116118,3,1580243266107841968,gps,42.3410056667,-71.088673,-97.1,327944,4689751,19,T
1580243267104740283,4,1580243267103811979,gps,42.340993,-71.088671,-98.1,327944,4689750,19,T
1580243268107696366,5,1580243268106806993,gps,42.3409838333,-71.0886673333,-98.8,327944,4689749,19,T
1580243269106810250,6,1580243269105889081,gps,42.3409741667,-71.0886638333,-99.7,327944,4689748,19,T
1580243270106833859,7,1580243270105993986,gps,42.3409636667,-71.0886645,-100.5,327944,4689746,19,T
1580243271107739023,8,1580243271103657960,gps,42.3409575,-71.0886585,-101.2,327945,4689746,19,T
1580243272110838913,9,1580243272107001066,gps,42.3409506667,-71.0886598333,-101.5,327945,4689745,19,T
1580243273110695736,10,1580243273106909036,gps,42.3409436667,-71.0886616667,-101.9,327944,4689744,19,T
1580243274113410334,11,1580243274109210968,gps,42.3409398333,-71.0886591667,-102.2,327945,4689744,19,T
1580243275110277336,12,1580243275108809947,gps,42.3409341667,-71.08866,-102.5,327944,4689743,19,T
1580243276112068691,13,1580243276107824087,gps,42.3409326667,-71.0886645,-102.4,327944,4689743,19,T
1580243277112783300,14,1580243277108155012,gps,42.340931,-71.088667,-102.3,327944,4689743,19,T
1580243278108687147,15,1580243278104829072,gps,42.3409316667,-71.0886705,-101.9,327944,4689743,19,T
1580243279114714712,16,1580243279110574007,gps,42.340932,-71.0886755,-101.5,327943,4689743,19,T
1580243280113830590,17,1580243280109765052,gps,42.3409311667,-71.088682,-101.2,327943,4689743,19,T
1580243281113461404,18,1580243281109359979,gps,42.3409318333,-71.0886843333,-100.9,327942,4689743,19,T
1580243282109914856,19,1580243282109010934,gps,42.3409305,-71.0886868333,-100.8,327942,4689743,19,T
1580243283114926028,20,1580243283110852956,gps,42.3409301667,-71.0886806667,-101.0,327943,4689743,19,T
1580243284109090453,21,1580243284108130931,gps,42.3409285,-71.0886798333,-101.0,327943,4689743,19,T
1580243285109152466,22,1580243285108268022,gps,42.3409268333,-71.0886761667,-101.0,327943,4689742,19,T
1580243286113286164,23,1580243286109352111,gps,42.3409246667,-71.0886753333,-101.1,327943,4689742,19,T
1580243287106427380,24,1580243287105180978,gps,42.340921,-71.0886803333,-101.1,327943,4689742,19,T
1580243288110427806,25,1580243288109558105,gps,42.3409168333,-71.0886818333,-101.2,327943,4689741,19,T
1580243289109789706,26,1580243289105797052,gps,42.3409141667,-71.0886801667,-101.4,327943,4689741,19,T
1580243290108683085,27,1580243290107754945,gps,42.3409111667,-71.0886848333,-101.4,327942,4689741,19,T
1580243291115886494,28,1580243291111866950,gps,42.340907,-71.0886896667,-101.4,327942,4689740,19,T
1580243292116261309,29,1580243292112253904,gps,42.3409013333,-71.0886996667,-101.3,327941,4689740,19,T
1580243293108976516,30,1580243293108068943,gps,42.3408983333,-71.0887023333,-101.3,327941,4689739,19,T
1580243294112640154,31,1580243294108222961,gps,42.3409041667,-71.088713,-100.3,327940,4689740,19,T
1580243295114712054,32,1580243295110811948,gps,42.340911,-71.0887236667,-99.4,327939,4689741,19,T
1580243296113647059,33,1580243296109811067,gps,42.3409176667,-71.0887325,-98.5,327938,4689741,19,T
1580243297109268316,34,1580243297108326911,gps,42.3409198333,-71.0887518333,-97.5,327937,4689742,19,T
1580243298115305116,35,1580243298110810995,gps,42.3409338333,-71.0887771667,-95.4,327935,4689743,19,T
1580243299105466603,36,1580243299104350090,gps,42.3409468333,-71.0888043333,-93.4,327933,4689745,19,T
1580243300108267862,37,1580243300107382059,gps,42.3409603333,-71.0888385,-91.0,327930,4689746,19,T
1580243301114793654,38,1580243301110614061,gps,42.3409748333,-71.0888616667,-88.9,327928,4689748,19,T
1580243302110665607,39,1580243302109762907,gps,42.3409915,-71.0888803333,-86.9,327926,4689750,19,T
1580243303115113757,40,1580243303110995054,gps,42.3410066667,-71.0889001667,-85.0,327925,4689752,19,T
1580243304113165968,41,1580243304109159946,gps,42.3410233333,-71.088921,-82.8,327923,4689754,19,T
1580243305116625097,42,1580243305112694978,gps,42.3410326667,-71.0889563333,-80.6,327920,4689755,19,T
1580243306119012024,43,1580243306114658117,gps,42.3410448333,-71.0889791667,-78.6,327918,4689756,19,T
1580243307110095640,44,1580243307109162092,gps,42.3410601667,-71.0889973333,-76.7,327917,4689758,19,T
1580243308110245379,45,1580243308109292030,gps,42.3410765,-71.08901,-75.1,327916,4689760,19,T
1580243309107570793,46,1580243309106682062,gps,42.3410935,-71.0890223333,-73.4,327915,4689762,19,T
1580243310114736776,47,1580243310110732078,gps,42.3411036667,-71.0890415,-71.7,327913,4689763,19,T
1580243311115615428,48,1580243311113346099,gps,42.3411201667,-71.089049,-70.3,327913,4689765,19,T
1580243312115751742,49,1580243312111563920,gps,42.3411331667,-71.0890575,-68.9,327912,4689766,19,T
1580243313117930425,50,1580243313113899946,gps,42.3411446667,-71.0890756667,-67.4,327911,4689767,19,T
1580243314107807171,51,1580243314106789112,gps,42.3411518333,-71.0890896667,-66.1,327910,4689768,19,T
1580243315111746516,52,1580243315110888004,gps,42.341163,-71.0890941667,-65.1,327909,4689769,19,T
1580243316115772352,53,1580243316111834049,gps,42.3411686667,-71.0891065,-64.0,327908,4689770,19,T
1580243317116983071,54,1580243317113089084,gps,42.341172,-71.0891196667,-62.9,327907,4689770,19,T
1580243318110013905,55,1580243318109113931,gps,42.3411731667,-71.0891355,-61.9,327906,4689771,19,T
1580243319118499923,56,1580243319114435911,gps,42.341179,-71.089142,-61.0,327905,4689771,19,T
1580243320118056480,57,1580243320114233970,gps,42.3411941667,-71.0891413333,-60.0,327906,4689773,19,T
1580243321115185208,58,1580243321111257076,gps,42.341208,-71.0891386667,-59.1,327906,4689775,19,T
1580243322114280857,59,1580243322113388061,gps,42.341219,-71.0891373333,-58.3,327906,4689776,19,T
1580243323112375056,60,1580243323110639095,gps,42.341235,-71.089132,-57.6,327906,4689777,19,T
1580243324111626141,61,1580243324110685110,gps,42.3412568333,-71.0891183333,-56.8,327908,4689780,19,T
1580243325112619486,62,1580243325111726045,gps,42.3412673333,-71.0891221667,-55.9,327907,4689781,19,T
1580243326117762154,63,1580243326113878011,gps,42.3412796667,-71.0891236667,-54.9,327907,4689782,19,T
1580243327116993867,64,1580243327112943887,gps,42.3412923333,-71.0891146667,-54.3,327908,4689784,19,T
1580243328118743658,65,1580243328114950895,gps,42.341302,-71.0891071667,-53.7,327909,4689785,19,T
1580243329114661021,66,1580243329110677003,gps,42.3413091667,-71.089105,-53.1,327909,4689786,19,T
1580243330117351501,67,1580243330113378047,gps,42.3413256667,-71.0890921667,-52.5,327910,4689787,19,T
1580243331117336026,68,1580243331113486051,gps,42.341336,-71.0890918333,-51.8,327910,4689789,19,T
1580243332113185700,69,1580243332112303018,gps,42.341353,-71.0890825,-51.2,327911,4689790,19,T
1580243333116822347,70,1580243333113020896,gps,42.341363,-71.0890855,-50.5,327911,4689792,19,T
1580243334122422340,71,1580243334118514060,gps,42.3413715,-71.0890823333,-50.0,327911,4689793,19,T
1580243335115215211,72,1580243335114276885,gps,42.3413773333,-71.0890836667,-49.5,327911,4689793,19,T
1580243336115695590,73,1580243336111854076,gps,42.3413791667,-71.0890876667,-49.2,327910,4689793,19,T
1580243337118461300,74,1580243337114494085,gps,42.3413831667,-71.0890851667,-49.0,327911,4689794,19,T
1580243338116644150,75,1580243338112654924,gps,42.341385,-71.0890878333,-48.7,327910,4689794,19,T
1580243339119943985,76,1580243339115901947,gps,42.3413866667,-71.089092,-48.3,327910,4689794,19,T
1580243340115302859,77,1580243340111424922,gps,42.3413946667,-71.0890891667,-47.9,327910,4689795,19,T
1580243341117884738,78,1580243341113857030,gps,42.3413925,-71.0890911667,-47.6,327910,4689795,19,T
1580243342117167120,79,1580243342112960100,gps,42.3413956667,-71.0890853333,-47.5,327911,4689795,19,T
1580243343115311746,80,1580243343114428043,gps,42.3414005,-71.0890856667,-47.2,327911,4689796,19,T
1580243344117359675,81,1580243344113367080,gps,42.3414063333,-71.089084,-47.0,327911,4689796,19,T
1580243345117714024,82,1580243345113828897,gps,42.3414088333,-71.0890866667,-46.8,327911,4689797,19,T
1580243346118635353,83,1580243346114660978,gps,42.3414136667,-71.0890815,-46.7,327911,4689797,19,T
1580243347113850875,84,1580243347111543893,gps,42.3414183333,-71.0890813333,-46.5,327911,4689798,19,T
1580243348115956206,85,1580243348111862897,gps,42.3414251667,-71.0890795,-46.3,327911,4689799,19,T
1580243349117203899,86,1580243349113281965,gps,42.3414308333,-71.0890753333,-46.2,327912,4689799,19,T
1580243350121324854,87,1580243350117239952,gps,42.3414395,-71.0890598333,-46.0,327913,4689800,19,T
1580243351118109524,88,1580243351114155054,gps,42.3414451667,-71.0890505,-46.0,327914,4689801,19,T
1580243352118427374,89,1580243352114027976,gps,42.3414511667,-71.0890458333,-45.8,327914,4689801,19,T
1580243353121771681,90,1580243353117341041,gps,42.3414551667,-71.0890385,-45.7,327915,4689802,19,T
1580243354114218813,91,1580243354113329887,gps,42.3414566667,-71.0890436667,-45.3,327914,4689802,19,T
1580243355117541317,92,1580243355113706111,gps,42.34146,-71.0890453333,-45.1,327914,4689802,19,T
1580243356118202076,93,1580243356114423036,gps,42.3414601667,-71.0890508333,-45.0,327914,4689802,19,T
1580243357119078379,94,1580243357115360021,gps,42.3414683333,-71.0890466667,-44.8,327914,4689803,19,T
1580243358119069709,95,1580243358115031003,gps,42.3414658333,-71.0890481667,-44.6,327914,4689803,19,T
1580243359118654648,96,1580243359114689111,gps,42.3414686667,-71.0890488333,-44.5,327914,4689803,19,T
1580243360118623093,97,1580243360114778995,gps,42.3414778333,-71.089045,-44.2,327914,4689804,19,T
1580243361118348922,98,1580243361114459037,gps,42.341482,-71.0890413333,-44.0,327915,4689805,19,T
1580243362117680043,99,1580243362113893985,gps,42.3414886667,-71.089038,-43.7,327915,4689805,19,T
1580243363118680917,100,1580243363114653110,gps,42.3414896667,-71.0890411667,-43.5,327915,4689806,19,T
1580243364120076032,101,1580243364116193056,gps,42.34149,-71.0890435,-43.2,327914,4689806,19,T
1580243365114298384,102,1580243365112482070,gps,42.3414921667,-71.0890488333,-43.0,327914,4689806,19,T
1580243366121128252,103,1580243366116344928,gps,42.3414868333,-71.089058,-42.9,327913,4689805,19,T
1580243367120939400,104,1580243367116309881,gps,42.3414813333,-71.0890625,-42.9,327913,4689805,19,T
1580243368119503018,105,1580243368115207910,gps,42.3414851667,-71.0890691667,-42.5,327912,4689805,19,T
1580243369110177629,106,1580243369109015941,gps,42.3414801667,-71.0890703333,-42.6,327912,4689805,19,T
1580243370120506923,107,1580243370116588115,gps,42.341474,-71.0890771667,-42.4,327912,4689804,19,T
1580243371126021094,108,1580243371122041940,gps,42.3414713333,-71.0890751667,-42.5,327912,4689804,19,T
1580243372119623808,109,1580243372115770101,gps,42.3414728333,-71.089077,-42.5,327912,4689804,19,T
1580243373119246758,110,1580243373115374088,gps,42.3414705,-71.0890811667,-42.5,327911,4689804,19,T
1580243374119565011,111,1580243374115629911,gps,42.3414635,-71.0890885,-42.6,327911,4689803,19,T
1580243375125895611,112,1580243375121900081,gps,42.3414513333,-71.0890938333,-42.8,327910,4689801,19,T
1580243376118427641,113,1580243376114551067,gps,42.341444,-71.0891026667,-42.6,327909,4689801,19,T
1580243377110554645,114,1580243377109584093,gps,42.3414406667,-71.0891105,-42.5,327909,4689800,19,T
1580243378119049003,115,1580243378115262985,gps,42.3414375,-71.0891158333,-42.5,327908,4689800,19,T
1580243379119967382,116,1580243379115969896,gps,42.3414373333,-71.0891273333,-42.1,327907,4689800,19,T
1580243380118844428,117,1580243380115104913,gps,42.341432,-71.0891396667,-42.0,327906,4689799,19,T
1580243381119002484,118,1580243381115221023,gps,42.34143,-71.0891483333,-41.6,327906,4689799,19,T
1580243382118554776,119,1580243382114546060,gps,42.341432,-71.08915,-41.4,327905,4689799,19,T
1580243383121076305,120,1580243383116951942,gps,42.3414316667,-71.0891533333,-41.2,327905,4689799,19,T
1580243384120401187,121,1580243384116369009,gps,42.3414375,-71.0891488333,-41.1,327906,4689800,19,T
1580243385121140636,122,1580243385117115020,gps,42.3414546667,-71.0891476667,-40.6,327906,4689802,19,T
1580243386114086136,123,1580243386113169908,gps,42.3414676667,-71.0891431667,-40.2,327906,4689803,19,T
1580243387121074238,124,1580243387117100000,gps,42.3414706667,-71.0891413333,-39.9,327906,4689804,19,T
1580243388124615923,125,1580243388120584964,gps,42.3414675,-71.0891406667,-40.0,327906,4689803,19,T
1580243389120083132,126,1580243389117728948,gps,42.3414725,-71.0891308333,-40.1,327907,4689804,19,T
1580243390118426730,127,1580243390117512941,gps,42.3414745,-71.0891251667,-40.2,327908,4689804,19,T
1580243391121782149,128,1580243391117454051,gps,42.341485,-71.0891153333,-40.0,327908,4689805,19,T
1580243392121092476,129,1580243392116250038,gps,42.3414923333,-71.089106,-40.0,327909,4689806,19,T
1580243393113794832,130,1580243393112864971,gps,42.3414946667,-71.0890991667,-39.9,327910,4689806,19,T
1580243394119316453,131,1580243394118438005,gps,42.341491,-71.0890961667,-40.0,327910,4689806,19,T
1580243395121060301,132,1580243395117259025,gps,42.3414936667,-71.0890968333,-39.7,327910,4689806,19,T
1580243396117542191,133,1580243396113672018,gps,42.3414931667,-71.0890983333,-39.6,327910,4689806,19,T
1580243397117946816,134,1580243397114042997,gps,42.3414905,-71.0891008333,-39.4,327910,4689806,19,T
1580243398112023618,135,1580243398111063957,gps,42.3414818333,-71.0891218333,-39.1,327908,4689805,19,T
1580243399113726872,136,1580243399112796068,gps,42.3414685,-71.089144,-38.9,327906,4689803,19,T
1580243400113342481,137,1580243400112443923,gps,42.3414685,-71.0891546667,-38.6,327905,4689803,19,T
1580243401109986526,138,1580243401108798027,gps,42.341467,-71.0891598333,-38.5,327905,4689803,19,T
1580243402118403671,139,1580243402114540100,gps,42.3414831667,-71.0891441667,-38.3,327906,4689805,19,T
1580243403116432520,140,1580243403112306118,gps,42.3414861667,-71.0891545,-37.9,327905,4689805,19,T
1580243404112926879,141,1580243404112071037,gps,42.341502,-71.0891455,-37.6,327906,4689807,19,T
1580243405112654233,142,1580243405111733913,gps,42.3415183333,-71.0891395,-37.2,327907,4689809,19,T
1580243406119419267,143,1580243406115566015,gps,42.3415215,-71.0891471667,-36.6,327906,4689809,19,T
1580243407113495316,144,1580243407112216949,gps,42.3415256667,-71.0891521667,-36.1,327906,4689810,19,T
1580243408112812727,145,1580243408111854076,gps,42.3415268333,-71.0891571667,-35.8,327905,4689810,19,T
1580243409109456080,146,1580243409108477115,gps,42.3415236667,-71.0891665,-35.3,327904,4689810,19,T
1580243410117654076,147,1580243410113672971,gps,42.3415288333,-71.0891683333,-34.9,327904,4689810,19,T
1580243411116651773,148,1580243411112807035,gps,42.3415288333,-71.0891703333,-34.6,327904,4689810,19,T
1580243412115825450,149,1580243412111761093,gps,42.3415288333,-71.0891748333,-34.3,327904,4689810,19,T
1580243413121224915,150,1580243413117125988,gps,42.3415241667,-71.0891735,-34.3,327904,4689810,19,T
1580243414117335961,151,1580243414113475084,gps,42.3415273333,-71.0891716667,-34.2,327904,4689810,19,T
1580243415116401881,152,1580243415112420082,gps,42.3415335,-71.0891751667,-34.0,327904,4689811,19,T
1580243416110594410,153,1580243416106605052,gps,42.3415376667,-71.0891703333,-33.9,327904,4689811,19,T
1580243417114611735,154,1580243417110296010,gps,42.3415443333,-71.0891676667,-33.7,327904,4689812,19,T
1580243418110702882,155,1580243418109756946,gps,42.3415516667,-71.0891641667,-33.4,327905,4689813,19,T
1580243419115433675,156,1580243419111150979,gps,42.3415663333,-71.0891713333,-31.0,327904,4689814,19,T
1580243420116819616,157,1580243420112344026,gps,42.3415765,-71.0891733333,-29.4,327904,4689815,19,T
1580243421115770128,158,1580243421109999895,gps,42.3415818333,-71.0891763333,-28.1,327904,4689816,19,T
1580243422116481522,159,1580243422111423969,gps,42.3415828333,-71.0891686667,-28.1,327904,4689816,19,T
1580243423114769074,160,1580243423110769987,gps,42.3415913333,-71.0891555,-27.9,327905,4689817,19,T
1580243424113638866,161,1580243424109719038,gps,42.3415973333,-71.0891475,-27.7,327906,4689818,19,T
1580243425112144955,162,1580243425109987020,gps,42.3416036667,-71.0891376667,-27.7,327907,4689818,19,T
1580243426114381026,163,1580243426109114885,gps,42.341607,-71.0891321667,-27.7,327907,4689819,19,T
1580243427105623076,164,1580243427103334903,gps,42.3416098333,-71.0891273333,-27.6,327908,4689819,19,T
1580243428113030281,165,1580243428107952117,gps,42.341611,-71.089123,-27.7,327908,4689819,19,T
1580243429112620715,166,1580243429108053922,gps,42.3416118333,-71.0891185,-27.8,327909,4689819,19,T
1580243430103632343,167,1580243430102551937,gps,42.3416171667,-71.0891093333,-27.8,327909,4689820,19,T
1580243431106079299,168,1580243431105173110,gps,42.3416176667,-71.0891058333,-27.9,327910,4689820,19,T
1580243432101753310,169,1580243432100589036,gps,42.3416166667,-71.0891045,-28.0,327910,4689820,19,T
1580243433119032987,170,1580243433109877109,gps,42.3416158333,-71.0891005,-28.2,327910,4689820,19,T
1580243434100317634,171,1580243434099431037,gps,42.3416205,-71.0890906667,-28.3,327911,4689820,19,T
1580243435101248075,172,1580243435099682092,gps,42.3416176667,-71.0890896667,-28.6,327911,4689820,19,T
1580243436108384901,173,1580243436105132102,gps,42.3416101667,-71.0890928333,-28.9,327911,4689819,19,T
1580243437109549235,174,1580243437104808092,gps,42.3416111667,-71.0890871667,-29.0,327911,4689819,19,T
1580243438100977095,175,1580243438099114894,gps,42.3416168333,-71.0890761667,-29.2,327912,4689820,19,T
1580243439104504964,176,1580243439102660894,gps,42.3416141667,-71.0890751667,-29.5,327912,4689819,19,T
1580243440098537292,177,1580243440096996068,gps,42.341608,-71.08908,-29.8,327912,4689819,19,T
1580243441098324072,178,1580243441097371101,gps,42.3416031667,-71.0890833333,-30.0,327911,4689818,19,T
1580243442113000126,179,1580243442105230093,gps,42.3416011667,-71.0890833333,-30.1,327911,4689818,19,T
1580243443109740542,180,1580243443104094982,gps,42.3416018333,-71.0890793333,-30.3,327912,4689818,19,T
1580243444104557753,181,1580243444100752115,gps,42.3415966667,-71.0890823333,-30.4,327911,4689818,19,T
1580243445099538911,182,1580243445097064018,gps,42.34159,-71.0890885,-30.6,327911,4689817,19,T
1580243446102981616,183,1580243446100645065,gps,42.3415811667,-71.089096,-30.8,327910,4689816,19,T
1580243447106270170,184,1580243447101763963,gps,42.341575,-71.0890996667,-31.0,327910,4689815,19,T
1580243448105241686,185,1580243448101247072,gps,42.3415678333,-71.0891038333,-31.3,327910,4689814,19,T
1580243449096682246,186,1580243449094310045,gps,42.3415586667,-71.0891126667,-31.6,327909,4689813,19,T
1580243450103589602,187,1580243450099191904,gps,42.3415543333,-71.0891153333,-31.9,327909,4689813,19,T
1580243451104579053,188,1580243451100585937,gps,42.3415501667,-71.0891178333,-32.1,327908,4689812,19,T
1580243452095459109,189,1580243452094364881,gps,42.3415435,-71.0891243333,-32.3,327908,4689812,19,T
1580243453112042308,190,1580243453107821941,gps,42.3415393333,-71.0891273333,-32.5,327908,4689811,19,T
1580243454100361430,191,1580243454098117113,gps,42.3415296667,-71.089139,-32.7,327907,4689810,19,T
1580243455106995154,192,1580243455102102041,gps,42.3415306667,-71.0891343333,-32.8,327907,4689810,19,T
1580243456095092323,193,1580243456092732906,gps,42.3415263333,-71.0891361667,-33.0,327907,4689810,19,T
1580243457102727768,194,1580243457098648071,gps,42.3415241667,-71.0891358333,-33.1,327907,4689810,19,T
1580243458101744008,195,1580243458097853899,gps,42.3415216667,-71.0891373333,-33.3,327907,4689809,19,T
1580243459103410071,196,1580243459099245071,gps,42.3415201667,-71.0891365,-33.5,327907,4689809,19,T
1580243460100773629,197,1580243460096584081,gps,42.341515,-71.0891406667,-33.8,327906,4689809,19,T
1580243461093044940,198,1580243461092134952,gps,42.3415148333,-71.0891395,-33.9,327907,4689809,19,T
1580243462101315229,199,1580243462097424030,gps,42.3415128333,-71.0891396667,-34.0,327907,4689808,19,T
1580243463102337097,200,1580243463098108053,gps,42.3415101667,-71.0891393333,-34.2,327907,4689808,19,T
1580243464105781512,201,1580243464101006031,gps,42.3415105,-71.0891361667,-34.3,327907,4689808,19,T
1580243465100338068,202,1580243465096776962,gps,42.3415106667,-71.0891346667,-34.4,327907,4689808,19,T
1580243466101712761,203,1580243466097628116,gps,42.3415038333,-71.0891553333,-33.3,327905,4689807,19,T
1580243467099401730,204,1580243467095288038,gps,42.341498,-71.089177,-32.2,327903,4689807,19,T
1580243468102619459,205,1580243468098366975,gps,42.341494,-71.089194,-31.2,327902,4689806,19,T
1580243469101278976,206,1580243469097433090,gps,42.3414916667,-71.0892055,-30.3,327901,4689806,19,T
1580243470106999125,207,1580243470101272106,gps,42.341486,-71.0892203333,-29.6,327900,4689806,19,T
1580243471103646242,208,1580243471099694013,gps,42.3414881667,-71.0892245,-28.8,327899,4689806,19,T
1580243472101234701,209,1580243472096321105,gps,42.3414846667,-71.0892365,-28.1,327898,4689805,19,T
1580243473101738335,210,1580243473097870111,gps,42.3414845,-71.0892445,-27.3,327898,4689805,19,T
1580243474100924002,211,1580243474096697092,gps,42.3414853333,-71.08925,-26.6,327897,4689806,19,T
1580243475100056135,212,1580243475095845937,gps,42.3414896667,-71.0892426667,-26.6,327898,4689806,19,T
1580243476100875307,213,1580243476097026109,gps,42.3414963333,-71.0892331667,-26.5,327899,4689807,19,T
1580243477099619024,214,1580243477096404075,gps,42.3414763333,-71.089258,-26.8,327897,4689805,19,T
1580243478096223193,215,1580243478091538906,gps,42.3414576667,-71.0892803333,-27.0,327895,4689803,19,T
1580243479101043003,216,1580243479095848083,gps,42.3414395,-71.0893081667,-26.7,327892,4689801,19,T
1580243480099673120,217,1580243480095710992,gps,42.3414235,-71.0893266667,-27.0,327891,4689799,19,T
1580243481097831424,218,1580243481093911886,gps,42.3414123333,-71.0893396667,-27.2,327890,4689798,19,T
1580243482100889984,219,1580243482096651077,gps,42.3414031667,-71.0893498333,-27.4,327889,4689797,19,T
1580243483098556161,220,1580243483094646930,gps,42.3413945,-71.0893605,-27.4,327888,4689796,19,T
1580243484097255285,221,1580243484093241930,gps,42.3413855,-71.0893716667,-27.6,327887,4689795,19,T
1580243485097414771,222,1580243485093414068,gps,42.3413765,-71.0893818333,-27.8,327886,4689794,19,T
1580243486099837721,223,1580243486095881938,gps,42.3413685,-71.0893906667,-28.1,327885,4689793,19,T
1580243487098111766,224,1580243487094017028,gps,42.3413606667,-71.0893988333,-28.4,327885,4689792,19,T
1580243488103093902,225,1580243488098341941,gps,42.3413505,-71.0894096667,-28.6,327884,4689791,19,T
1580243489097712483,226,1580243489093349933,gps,42.3413401667,-71.0894215,-28.9,327883,4689790,19,T
1580243490097961293,227,1580243490093820095,gps,42.3413361667,-71.089425,-29.1,327883,4689789,19,T
1580243491101270255,228,1580243491097275018,gps,42.3413336667,-71.0894271667,-29.1,327882,4689789,19,T
1580243492097233052,229,1580243492092925071,gps,42.3413388333,-71.0894188333,-29.1,327883,4689790,19,T
1580243493097486961,230,1580243493093393087,gps,42.341347,-71.0894063333,-29.1,327884,4689790,19,T
1580243494098977640,231,1580243494094654083,gps,42.3413563333,-71.0893928333,-29.1,327885,4689791,19,T
1580243495104837019,232,1580243495098249912,gps,42.3413673333,-71.089378,-29.0,327886,4689793,19,T
1580243496094521897,233,1580243496090439081,gps,42.3413765,-71.0893645,-29.1,327888,4689794,19,T
1580243497097565347,234,1580243497093319892,gps,42.3413865,-71.08935,-29.1,327889,4689795,19,T
1580243498098191930,235,1580243498094062089,gps,42.3413953333,-71.0893366667,-29.2,327890,4689796,19,T
1580243499097365847,236,1580243499093219995,gps,42.3414038333,-71.0893238333,-29.2,327891,4689797,19,T
1580243500099980061,237,1580243500095829010,gps,42.341412,-71.0893111667,-29.2,327892,4689798,19,T
1580243501099139547,238,1580243501094985961,gps,42.3414193333,-71.0892998333,-29.4,327893,4689798,19,T
1580243502099518534,239,1580243502095503091,gps,42.3414255,-71.0892896667,-29.6,327894,4689799,19,T
1580243503100752936,240,1580243503096529960,gps,42.3414301667,-71.0892815,-29.7,327895,4689799,19,T
1580243504099759156,241,1580243504094363927,gps,42.3414336667,-71.0892731667,-30.0,327895,4689800,19,T
1580243505098420209,242,1580243505093811988,gps,42.3414378333,-71.0892658333,-30.2,327896,4689800,19,T
1580243506096239598,243,1580243506091763973,gps,42.3414415,-71.0892583333,-30.5,327897,4689801,19,T
1580243507094112774,244,1580243507089245080,gps,42.3414446667,-71.0892521667,-30.7,327897,4689801,19,T
1580243508106795235,245,1580243508095745086,gps,42.3414478333,-71.0892453333,-31.0,327898,4689801,19,T
1580243509109051099,246,1580243509101922035,gps,42.3414516667,-71.0892388333,-31.2,327898,4689802,19,T
1580243510096179714,247,1580243510091427087,gps,42.341455,-71.089233,-31.3,327899,4689802,19,T
1580243511100790827,248,1580243511094238042,gps,42.3414578333,-71.0892275,-31.6,327899,4689802,19,T
1580243512095269424,249,1580243512090682029,gps,42.3414601667,-71.0892218333,-31.8,327900,4689803,19,T
1580243513107756744,250,1580243513100728034,gps,42.3414626667,-71.0892165,-32.0,327900,4689803,19,T
1580243514087855355,251,1580243514086535930,gps,42.3414645,-71.0892113333,-32.3,327900,4689803,19,T
1580243515100198458,252,1580243515096292018,gps,42.3414665,-71.0892071667,-32.5,327901,4689803,19,T
1580243516100525622,253,1580243516096256017,gps,42.3414731667,-71.0892096667,-31.5,327901,4689804,19,T
1580243517097083325,254,1580243517091720104,gps,42.3414806667,-71.0892128333,-30.3,327900,4689805,19,T
1580243518096026813,255,1580243518091573953,gps,42.3414868333,-71.0892165,-29.2,327900,4689806,19,T
1580243519096383415,256,1580243519092036962,gps,42.3414943333,-71.0892201667,-27.8,327900,4689806,19,T
1580243520097221269,257,1580243520093200922,gps,42.3415005,-71.089223,-26.8,327900,4689807,19,T
1580243521096752687,258,1580243521092554092,gps,42.3415085,-71.0892283333,-25.2,327899,4689808,19,T
1580243522098793138,259,1580243522094574928,gps,42.34151,-71.0892245,-25.3,327900,4689808,19,T
1580243523097717738,260,1580243523093513011,gps,42.341517,-71.0892278333,-24.1,327899,4689809,19,T
1580243524096280972,261,1580243524093729019,gps,42.3415173333,-71.0892246667,-24.3,327900,4689809,19,T
1580243525092653690,262,1580243525088489055,gps,42.3415183333,-71.0892213333,-24.4,327900,4689809,19,T
1580243526098023638,263,1580243526094046115,gps,42.3415193333,-71.0892176667,-24.6,327900,4689809,19,T
1580243527096881979,264,1580243527091382026,gps,42.3415201667,-71.0892138333,-24.8,327900,4689809,19,T
1580243528094154486,265,1580243528090326070,gps,42.3415271667,-71.0892175,-23.4,327900,4689810,19,T
1580243529098982375,266,1580243529092992067,gps,42.3415353333,-71.0892216667,-21.9,327900,4689811,19,T
1580243530099320903,267,1580243530094358921,gps,42.3415441667,-71.0892263333,-20.3,327899,4689812,19,T
1580243531093442702,268,1580243531088973999,gps,42.341545,-71.0892228333,-20.5,327900,4689812,19,T
1580243532095014543,269,1580243532090249061,gps,42.3415513333,-71.0892263333,-19.2,327899,4689813,19,T
1580243533097536419,270,1580243533093206882,gps,42.3415563333,-71.0892291667,-18.3,327899,4689813,19,T
1580243534095250948,271,1580243534090097904,gps,42.3415616667,-71.089232,-17.3,327899,4689814,19,T
1580243535096833666,272,1580243535091697931,gps,42.3415608333,-71.089229,-17.5,327899,4689814,19,T
1580243536091394846,273,1580243536087553977,gps,42.3415668333,-71.0892316667,-16.4,327899,4689815,19,T
1580243537101299510,274,1580243537097157955,gps,42.3415728333,-71.0892346667,-15.2,327899,4689815,19,T
1580243538094950770,275,1580243538090981960,gps,42.3415738333,-71.0892311667,-15.4,327899,4689815,19,T
1580243539098682864,276,1580243539093568086,gps,42.3415746667,-71.0892275,-15.5,327899,4689815,19,T
1580243540096858665,277,1580243540089817047,gps,42.3415755,-71.089224,-15.7,327900,4689815,19,T
1580243541093439687,278,1580243541089488983,gps,42.341577,-71.0892208333,-15.8,327900,4689816,19,T
1580243542093391075,279,1580243542089417934,gps,42.3415781667,-71.0892178333,-15.9,327900,4689816,19,T
1580243543092332537,280,1580243543088107109,gps,42.3415783333,-71.0892148333,-16.2,327901,4689816,19,T
1580243544092655671,281,1580243544088550090,gps,42.3415786667,-71.0892121667,-16.2,327901,4689816,19,T
1580243545093184378,282,1580243545088937997,gps,42.341578,-71.0892088333,-16.5,327901,4689816,19,T
1580243546094010993,283,1580243546090203046,gps,42.3415793333,-71.0892066667,-16.4,327901,4689816,19,T
1580243547090540995,284,1580243547086352109,gps,42.3415806667,-71.0892033333,-16.6,327901,4689816,19,T
1580243548092167088,285,1580243548088211059,gps,42.3415823333,-71.0891986667,-16.9,327902,4689816,19,T
1580243549091531134,286,1580243549087692022,gps,42.341583,-71.0891963333,-17.0,327902,4689816,19,T
1580243550097387766,287,1580243550090353965,gps,42.3415833333,-71.0891941667,-17.1,327902,4689816,19,T
1580243551097557015,288,1580243551093575000,gps,42.341584,-71.0891916667,-17.2,327902,4689816,19,T
1580243552092112440,289,1580243552088213920,gps,42.3415836667,-71.0891896667,-17.3,327903,4689816,19,T
1580243553091961614,290,1580243553088051080,gps,42.3415825,-71.08919,-17.2,327903,4689816,19,T
1580243554085627263,291,1580243554081660032,gps,42.3415831667,-71.0891886667,-17.1,327903,4689816,19,T
1580243555089921068,292,1580243555085993051,gps,42.341583,-71.0891878333,-17.1,327903,4689816,19,T
1580243556093930518,293,1580243556087814092,gps,42.3415828333,-71.0891858333,-17.2,327903,4689816,19,T
1580243557089911509,294,1580243557085903882,gps,42.3415826667,-71.0891843333,-17.2,327903,4689816,19,T
1580243558088673187,295,1580243558084536075,gps,42.3415833333,-71.089182,-17.3,327903,4689816,19,T
1580243559091507079,296,1580243559087371110,gps,42.341583,-71.089181,-17.4,327903,4689816,19,T
1580243560093043598,297,1580243560089438915,gps,42.3415828333,-71.0891788333,-17.6,327903,4689816,19,T
1580243561090898561,298,1580243561086754083,gps,42.3415836667,-71.0891758333,-17.7,327904,4689816,19,T
1580243562088875762,299,1580243562085007905,gps,42.3415831667,-71.0891733333,-17.9,327904,4689816,19,T
1580243563082485392,300,1580243563080919027,gps,42.3415841667,-71.0891693333,-18.3,327904,4689816,19,T
1580243564090583481,301,1580243564086631059,gps,42.3415858333,-71.0891645,-18.6,327905,4689817,19,T
1580243565091621927,302,1580243565087719917,gps,42.34159,-71.0891576667,-18.8,327905,4689817,19,T
1580243566091660462,303,1580243566087722063,gps,42.3415938333,-71.0891593333,-18.2,327905,4689817,19,T
1580243567092618747,304,1580243567088567972,gps,42.3416016667,-71.089156,-17.4,327905,4689818,19,T
1580243568086644361,305,1580243568085167884,gps,42.341611,-71.0891496667,-16.9,327906,4689819,19,T
1580243569083170701,306,1580243569081140041,gps,42.3416088333,-71.089149,-17.4,327906,4689819,19,T
1580243570094470313,307,1580243570090537071,gps,42.3416101667,-71.0891445,-17.7,327906,4689819,19,T
1580243571088797854,308,1580243571084706068,gps,42.3416106667,-71.0891416667,-17.9,327907,4689819,19,T
1580243572086697950,309,1580243572082729101,gps,42.3416138333,-71.0891371667,-18.0,327907,4689820,19,T
1580243573082213120,310,1580243573080670118,gps,42.3416143333,-71.0891333333,-18.3,327907,4689820,19,T
1580243574088733412,311,1580243574086170911,gps,42.3416146667,-71.0891291667,-18.6,327908,4689820,19,T
1580243575086387116,312,1580243575084191083,gps,42.3416146667,-71.089125,-18.9,327908,4689820,19,T
1580243576080231201,313,1580243576078212022,gps,42.3416121667,-71.089124,-19.3,327908,4689819,19,T
1580243577083621619,314,1580243577081847906,gps,42.3416118333,-71.0891236667,-19.3,327908,4689819,19,T
1580243578082093124,315,1580243578080632925,gps,42.3416103333,-71.089123,-19.6,327908,4689819,19,T
1580243579080387648,316,1580243579079421043,gps,42.3416058333,-71.0891245,-20.0,327908,4689819,19,T
1580243580079829554,317,1580243580078732967,gps,42.3416023333,-71.0891261667,-20.3,327908,4689818,19,T
1580243581082174232,318,1580243581080707073,gps,42.3416011667,-71.0891246667,-20.6,327908,4689818,19,T
1580243582091324866,319,1580243582084784030,gps,42.3416033333,-71.0891186667,-20.9,327909,4689818,19,T
1580243583087051541,320,1580243583082465887,gps,42.3416063333,-71.0891115,-21.2,327909,4689819,19,T
1580243584079663961,321,1580243584078612089,gps,42.3416011667,-71.0891136667,-21.7,327909,4689818,19,T
1580243585089373991,322,1580243585085359096,gps,42.3416053333,-71.089106,-22.0,327910,4689819,19,T
1580243586081644727,323,1580243586080044031,gps,42.3416041667,-71.089104,-22.3,327910,4689818,19,T
1580243587087441989,324,1580243587082900047,gps,42.3416098333,-71.089094,-22.7,327911,4689819,19,T
1580243588080163602,325,1580243588079230070,gps,42.3416123333,-71.0890881667,-23.0,327911,4689819,19,T
1580243589096426180,326,1580243589091928958,gps,42.3416151667,-71.0890811667,-23.3,327912,4689820,19,T
1580243590088330519,327,1580243590084304094,gps,42.3416196667,-71.0890731667,-23.6,327912,4689820,19,T
1580243591088051968,328,1580243591084070920,gps,42.3416185,-71.0890713333,-23.9,327912,4689820,19,T
1580243592089050240,329,1580243592085095882,gps,42.3416143333,-71.0890733333,-24.2,327912,4689819,19,T
1580243593094401324,330,1580243593088613033,gps,42.3416191667,-71.0890646667,-24.5,327913,4689820,19,T
1580243594083033433,331,1580243594079128026,gps,42.3416146667,-71.0890671667,-24.9,327913,4689820,19,T
1580243595088901807,332,1580243595084175109,gps,42.3416083333,-71.0890721667,-25.1,327912,4689819,19,T
1580243596087657706,333,1580243596083573102,gps,42.3416065,-71.0890718333,-25.5,327912,4689819,19,T
1580243597090004879,334,1580243597085897922,gps,42.341606,-71.0890701667,-25.8,327913,4689819,19,T
1580243598087946595,335,1580243598084021091,gps,42.341604,-71.0890705,-26.1,327912,4689818,19,T
1580243599091613432,336,1580243599087636947,gps,42.341607,-71.0890648333,-26.4,327913,4689819,19,T
1580243600087246778,337,1580243600083436012,gps,42.3416071667,-71.0890625,-26.6,327913,4689819,19,T
1580243601088254929,338,1580243601084145069,gps,42.3416083333,-71.0890581667,-27.0,327913,4689819,19,T
1580243602088233414,339,1580243602083949089,gps,42.3416098333,-71.089054,-27.2,327914,4689819,19,T
1580243603087685121,340,1580243603083707094,gps,42.341613,-71.0890481667,-27.4,327914,4689819,19,T
1580243604088948941,341,1580243604083908081,gps,42.3416138333,-71.0890438333,-27.7,327915,4689819,19,T
1580243605085719840,342,1580243605081557035,gps,42.3416123333,-71.0890421667,-28.1,327915,4689819,19,T
1580243606086213872,343,1580243606082175970,gps,42.3416175,-71.0890326667,-28.5,327916,4689820,19,T
1580243607086758729,344,1580243607082947969,gps,42.3416221667,-71.0890253333,-28.8,327916,4689820,19,T
1580243608087463969,345,1580243608083115100,gps,42.3416181667,-71.0890271667,-29.1,327916,4689820,19,T
1580243609087791420,346,1580243609083754062,gps,42.341617,-71.089025,-29.4,327916,4689820,19,T
1580243610087958401,347,1580243610083888053,gps,42.3416148333,-71.089023,-29.7,327916,4689819,19,T
1580243611094644328,348,1580243611090532064,gps,42.3416116667,-71.0890223333,-30.1,327916,4689819,19,T
1580243612087484791,349,1580243612083594083,gps,42.3416086667,-71.0890203333,-30.3,327917,4689819,19,T
1580243613091991039,350,1580243613087966918,gps,42.3416111667,-71.0890156667,-30.4,327917,4689819,19,T
1580243614105062230,351,1580243614095675945,gps,42.3416191667,-71.0890215,-28.7,327917,4689820,19,T
1580243615089474439,352,1580243615085375070,gps,42.341619,-71.0890328333,-27.4,327916,4689820,19,T
1580243616085636135,353,1580243616081485033,gps,42.3416233333,-71.089044,-25.8,327915,4689820,19,T
1580243617088488091,354,1580243617084223031,gps,42.3416251667,-71.0890411667,-25.8,327915,4689821,19,T
1580243618088909198,355,1580243618084945917,gps,42.3416296667,-71.0890368333,-25.7,327915,4689821,19,T
1580243619089532419,356,1580243619084883928,gps,42.341638,-71.0890485,-24.3,327914,4689822,19,T
1580243620089787593,357,1580243620085798025,gps,42.3416378333,-71.0890586667,-23.1,327914,4689822,19,T
1580243621091766065,358,1580243621087656974,gps,42.3416426667,-71.0890623333,-21.9,327913,4689823,19,T
1580243622090852735,359,1580243622086966037,gps,42.3416455,-71.089075,-20.5,327912,4689823,19,T
1580243623088158321,360,1580243623082206964,gps,42.3416515,-71.0890846667,-19.1,327911,4689824,19,T
1580243624089724667,361,1580243624085869073,gps,42.3416528333,-71.0890955,-17.9,327911,4689824,19,T
1580243625089771551,362,1580243625085525989,gps,42.3416555,-71.0891031667,-16.7,327910,4689824,19,T
1580243626091710542,363,1580243626085990905,gps,42.3416511667,-71.089116,-15.5,327909,4689824,19,T
1580243627088807865,364,1580243627084454059,gps,42.341657,-71.0891236667,-14.3,327908,4689824,19,T
1580243628091974750,365,1580243628087770938,gps,42.3416608333,-71.0891296667,-13.2,327908,4689825,19,T
1580243629093534550,366,1580243629086721897,gps,42.3416676667,-71.0891368333,-12.2,327907,4689826,19,T
1580243630089032636,367,1580243630084907054,gps,42.3416735,-71.0891425,-11.4,327907,4689826,19,T
1580243631085952547,368,1580243631084489107,gps,42.3416788333,-71.0891471667,-10.6,327906,4689827,19,T
1580243632082614082,369,1580243632081123113,gps,42.3416818333,-71.0891395,-10.6,327907,4689827,19,T
1580243633089821867,370,1580243633085531949,gps,42.3416808333,-71.089137,-10.7,327907,4689827,19,T
1580243634094291752,371,1580243634086183071,gps,42.3416755,-71.089135,-11.2,327907,4689826,19,T
1580243635091612497,372,1580243635087357044,gps,42.3416741667,-71.0891285,-11.8,327908,4689826,19,T
1580243636088407584,373,1580243636084424972,gps,42.3416715,-71.0891248333,-12.3,327908,4689826,19,T
1580243637088966151,374,1580243637085154056,gps,42.3416721667,-71.0891193333,-12.8,327909,4689826,19,T
1580243638097953215,375,1580243638090323925,gps,42.3416698333,-71.0891148333,-13.2,327909,4689826,19,T
1580243639091418209,376,1580243639087265968,gps,42.3416656667,-71.089115,-13.5,327909,4689825,19,T
1580243640091023929,377,1580243640087143898,gps,42.3416651667,-71.0891123333,-13.8,327909,4689825,19,T
1580243641088304754,378,1580243641084189891,gps,42.3416625,-71.0891063333,-14.3,327910,4689825,19,T
1580243642091003039,379,1580243642086838960,gps,42.3416626667,-71.0891023333,-14.7,327910,4689825,19,T
1580243643097997418,380,1580243643092441082,gps,42.3416558333,-71.0891026667,-15.0,327910,4689824,19,T
1580243644091328613,381,1580243644087522983,gps,42.341662,-71.0891003333,-15.0,327910,4689825,19,T
1580243645087942260,382,1580243645083657979,gps,42.3416541667,-71.0890988333,-15.4,327910,4689824,19,T
1580243646088524870,383,1580243646084644079,gps,42.3416491667,-71.0890966667,-15.6,327910,4689823,19,T
1580243647090519542,384,1580243647086682081,gps,42.341647,-71.0890925,-16.0,327911,4689823,19,T
1580243648088735831,385,1580243648084849119,gps,42.3416408333,-71.0890923333,-16.4,327911,4689822,19,T
1580243649088930373,386,1580243649085036993,gps,42.3416325,-71.0890923333,-16.7,327911,4689822,19,T
1580243650093375705,387,1580243650089241981,gps,42.3416386667,-71.089102,-15.2,327910,4689822,19,T
1580243651087384844,388,1580243651082822084,gps,42.3416386667,-71.0890956667,-15.5,327910,4689822,19,T
1580243652090701057,389,1580243652086644887,gps,42.3416455,-71.0891005,-14.2,327910,4689823,19,T
1580243653093929358,390,1580243653088238954,gps,42.3416523333,-71.0891093333,-12.9,327909,4689824,19,T
1580243654087765683,391,1580243654083703994,gps,42.3416478333,-71.089107,-13.4,327910,4689823,19,T
1580243655095230286,392,1580243655088412046,gps,42.3416468333,-71.0891046667,-13.6,327910,4689823,19,T
1580243656086225002,393,1580243656082087993,gps,42.3416411667,-71.0891016667,-14.0,327910,4689823,19,T
1580243657087842793,394,1580243657083822965,gps,42.341643,-71.0890945,-14.3,327911,4689823,19,T
1580243658093045552,395,1580243658088890075,gps,42.3416426667,-71.089087,-14.6,327911,4689823,19,T
1580243659089923932,396,1580243659085777044,gps,42.341639,-71.08909,-14.9,327911,4689822,19,T
1580243660090820966,397,1580243660086982011,gps,42.3416451667,-71.0890991667,-13.7,327910,4689823,19,T
1580243661086763691,398,1580243661082614898,gps,42.3416398333,-71.0890966667,-14.0,327910,4689822,19,T
1580243662086238847,399,1580243662082400083,gps,42.3416385,-71.0890948333,-14.3,327911,4689822,19,T
1580243663086150034,400,1580243663082182884,gps,42.3416388333,-71.0890938333,-14.4,327911,4689822,19,T
1580243664086364183,401,1580243664082530021,gps,42.3416356667,-71.0890898333,-14.7,327911,4689822,19,T
1580243665093908363,402,1580243665088067054,gps,42.3416313333,-71.0890865,-15.2,327911,4689821,19,T
1580243666085143565,403,1580243666081216096,gps,42.341625,-71.0890836667,-15.6,327911,4689821,19,T
1580243667084001392,404,1580243667080177068,gps,42.3416198333,-71.0890808333,-16.0,327912,4689820,19,T
1580243668084643326,405,1580243668080596923,gps,42.3416148333,-71.0890791667,-16.4,327912,4689820,19,T
1580243669082931261,406,1580243669079047918,gps,42.341609,-71.0890765,-16.8,327912,4689819,19,T
1580243670084984225,407,1580243670081034898,gps,42.3416043333,-71.0890741667,-17.2,327912,4689818,19,T
1580243671089406768,408,1580243671085244894,gps,42.3415958333,-71.0890708333,-17.9,327912,4689817,19,T
1580243672085127168,409,1580243672081183910,gps,42.3415895,-71.0890671667,-18.4,327913,4689817,19,T
1580243673084936554,410,1580243673080998897,gps,42.341582,-71.0890643333,-19.1,327913,4689816,19,T
1580243674082697172,411,1580243674078829050,gps,42.3415793333,-71.089064,-19.3,327913,4689816,19,T
1580243675086215012,412,1580243675082261085,gps,42.3415743333,-71.0890605,-19.9,327913,4689815,19,T
1580243676084688049,413,1580243676080746889,gps,42.3415723333,-71.0890581667,-20.3,327913,4689815,19,T
1580243677087355438,414,1580243677083123922,gps,42.3415718333,-71.0890558333,-20.9,327914,4689815,19,T
1580243678083329188,415,1580243678081403970,gps,42.3415678333,-71.0890513333,-21.6,327914,4689814,19,T
1580243679078544692,416,1580243679077266931,gps,42.3415611667,-71.0890468333,-22.3,327914,4689814,19,T
1580243680080007987,417,1580243680078366994,gps,42.3415545,-71.0890436667,-22.9,327915,4689813,19,T
1580243681085503672,418,1580243681081633090,gps,42.3415495,-71.0890406667,-23.5,327915,4689812,19,T
1580243682084203753,419,1580243682080305099,gps,42.3415493333,-71.0890375,-23.9,327915,4689812,19,T
1580243683086068613,420,1580243683081988096,gps,42.3415488333,-71.089035,-24.2,327915,4689812,19,T
1580243684088123282,421,1580243684084220886,gps,42.3415498333,-71.0890328333,-24.5,327915,4689812,19,T
1580243685085157053,422,1580243685079757928,gps,42.3415495,-71.0890301667,-24.8,327916,4689812,19,T
1580243686084937598,423,1580243686080866098,gps,42.3415475,-71.089028,-25.1,327916,4689812,19,T
1580243687086826899,424,1580243687082170963,gps,42.3415448333,-71.0890268333,-25.4,327916,4689812,19,T
1580243688088297839,425,1580243688083214044,gps,42.3415443333,-71.0890265,-25.4,327916,4689812,19,T
1580243689084675510,426,1580243689081562042,gps,42.3415438333,-71.0890261667,-25.6,327916,4689812,19,T
1580243690082837659,427,1580243690078824043,gps,42.3415438333,-71.0890268333,-25.6,327916,4689812,19,T
1580243691085504908,428,1580243691081521987,gps,42.341545,-71.089028,-25.6,327916,4689812,19,T
1580243692081576998,429,1580243692077224016,gps,42.3415448333,-71.0890286667,-25.6,327916,4689812,19,T
1580243693085555189,430,1580243693081609010,gps,42.3415448333,-71.0890293333,-25.6,327916,4689812,19,T
1580243694081224731,431,1580243694079699039,gps,42.3415441667,-71.0890303333,-25.6,327916,4689812,19,T
1580243695091569055,432,1580243695087230920,gps,42.341543,-71.0890321667,-25.6,327915,4689811,19,T
1580243696083895407,433,1580243696079938888,gps,42.3415421667,-71.0890326667,-25.7,327915,4689811,19,T
1580243697086602863,434,1580243697082366943,gps,42.3415408333,-71.0890336667,-25.7,327915,4689811,19,T
1580243698086378300,435,1580243698082287073,gps,42.3415426667,-71.0890345,-25.7,327915,4689811,19,T
1580243699088860114,436,1580243699084646940,gps,42.3415438333,-71.0890356667,-25.7,327915,4689812,19,T
1580243700087633011,437,1580243700083574056,gps,42.3415473333,-71.0890361667,-25.6,327915,4689812,19,T
1580243701081770144,438,1580243701080363035,gps,42.3415511667,-71.0890373333,-25.3,327915,4689812,19,T
1580243702080207217,439,1580243702079305887,gps,42.3415538333,-71.0890391667,-25.1,327915,4689813,19,T
1580243703096346879,440,1580243703083273887,gps,42.3415561667,-71.0890403333,-25.0,327915,4689813,19,T
1580243704079735980,441,1580243704078213930,gps,42.3415575,-71.089042,-24.9,327915,4689813,19,T
1580243705091663450,442,1580243705087146997,gps,42.341558,-71.0890425,-24.8,327915,4689813,19,T
1580243706078499841,443,1580243706077255964,gps,42.3415575,-71.0890436667,-24.7,327915,4689813,19,T
1580243707078888049,444,1580243707077631950,gps,42.3415566667,-71.089044,-24.8,327915,4689813,19,T
1580243708083354473,445,1580243708080750942,gps,42.3415568333,-71.089045,-24.7,327914,4689813,19,T
1580243709088658593,446,1580243709083564996,gps,42.3415565,-71.0890451667,-24.7,327914,4689813,19,T
1580243710079408354,447,1580243710078088998,gps,42.341556,-71.0890461667,-24.5,327914,4689813,19,T
1580243711081382892,448,1580243711078370094,gps,42.341556,-71.089048,-24.3,327914,4689813,19,T
1580243712087801429,449,1580243712083708047,gps,42.3415565,-71.0890496667,-24.1,327914,4689813,19,T
1580243713085316842,450,1580243713081258058,gps,42.3415561667,-71.0890508333,-23.9,327914,4689813,19,T
1580243714079684967,451,1580243714077486991,gps,42.341558,-71.0890516667,-23.7,327914,4689813,19,T
1580243715088047264,452,1580243715083980083,gps,42.3415585,-71.0890521667,-23.6,327914,4689813,19,T
1580243716091972667,453,1580243716085655927,gps,42.3415591667,-71.0890541667,-23.4,327914,4689813,19,T
1580243717089905974,454,1580243717086016893,gps,42.3415586667,-71.0890548333,-23.4,327914,4689813,19,T
1580243718090939861,455,1580243718086885929,gps,42.3415565,-71.0890555,-23.3,327914,4689813,19,T
1580243719099353813,456,1580243719091905117,gps,42.3415565,-71.089056,-23.4,327914,4689813,19,T
1580243720088634070,457,1580243720084819078,gps,42.341556,-71.0890568333,-23.4,327913,4689813,19,T
1580243721090173266,458,1580243721085123062,gps,42.3415555,-71.0890586667,-23.3,327913,4689813,19,T
1580243722082743893,459,1580243722081711053,gps,42.3415556667,-71.0890596667,-23.2,327913,4689813,19,T
1580243723085117530,460,1580243723083297014,gps,42.341557,-71.0890606667,-23.1,327913,4689813,19,T
1580243724087001595,461,1580243724084754943,gps,42.3415576667,-71.0890613333,-23.1,327913,4689813,19,T
1580243725088004854,462,1580243725083755970,gps,42.3415593333,-71.0890616667,-22.9,327913,4689813,19,T
1580243726084811445,463,1580243726081971883,gps,42.3415601667,-71.0890611667,-22.9,327913,4689813,19,T
1580243727086138176,464,1580243727083623886,gps,42.34156,-71.0890611667,-22.9,327913,4689813,19,T
1580243728088077430,465,1580243728084137916,gps,42.3415601667,-71.0890606667,-22.9,327913,4689813,19,T
1580243729087303964,466,1580243729083287954,gps,42.341561,-71.0890606667,-22.8,327913,4689814,19,T
1580243730087873795,467,1580243730083714008,gps,42.3415618333,-71.0890603333,-22.7,327913,4689814,19,T
1580243731092980361,468,1580243731088896036,gps,42.3415626667,-71.08906,-22.6,327913,4689814,19,T
1580243732086420948,469,1580243732082364082,gps,42.3415631667,-71.08906,-22.5,327913,4689814,19,T
1580243733088146998,470,1580243733084273099,gps,42.3415631667,-71.0890605,-22.5,327913,4689814,19,T
1580243734094053453,471,1580243734087760925,gps,42.3415635,-71.0890615,-22.3,327913,4689814,19,T
1580243735089843272,472,1580243735085819959,gps,42.341564,-71.0890618333,-22.3,327913,4689814,19,T
1580243736084170266,473,1580243736081386089,gps,42.3415645,-71.0890621667,-22.1,327913,4689814,19,T
1580243737088918881,474,1580243737084503889,gps,42.3415648333,-71.0890623333,-22.1,327913,4689814,19,T
1580243738090472258,475,1580243738086637020,gps,42.3415651667,-71.0890621667,-22.0,327913,4689814,19,T
1580243739091023847,476,1580243739086772918,gps,42.3415655,-71.0890618333,-22.0,327913,4689814,19,T
1580243740090147127,477,1580243740086188077,gps,42.3415648333,-71.0890616667,-22.0,327913,4689814,19,T
1580243741091246771,478,1580243741087863922,gps,42.3415643333,-71.0890616667,-22.2,327913,4689814,19,T
1580243742092125755,479,1580243742088047981,gps,42.3415691667,-71.0890661667,-21.4,327913,4689814,19,T
1580243743090265376,480,1580243743086647033,gps,42.3415743333,-71.08907,-20.5,327912,4689815,19,T
1580243744089581549,481,1580243744085385084,gps,42.341575,-71.0890695,-20.5,327912,4689815,19,T
1580243745089002135,482,1580243745085134029,gps,42.341575,-71.089069,-20.6,327913,4689815,19,T
1580243746093609634,483,1580243746089360952,gps,42.3415743333,-71.0890691667,-20.8,327913,4689815,19,T
1580243747091748590,484,1580243747087462902,gps,42.3415755,-71.0890686667,-20.8,327913,4689815,19,T
1580243748089985569,485,1580243748086159944,gps,42.3415765,-71.089068,-20.8,327913,4689815,19,T
1580243749090471632,486,1580243749087444067,gps,42.341577,-71.0890681667,-20.8,327913,4689815,19,T
1580243750091265847,487,1580243750087023973,gps,42.3415781667,-71.089068,-20.9,327913,4689815,19,T
1580243751091403559,488,1580243751089605093,gps,42.3415786667,-71.0890681667,-21.0,327913,4689816,19,T
1580243752089080202,489,1580243752084692001,gps,42.3415796667,-71.0890681667,-20.9,327913,4689816,19,T
1580243753092914899,490,1580243753087779998,gps,42.3415801667,-71.0890675,-21.0,327913,4689816,19,T
1580243754090358619,491,1580243754086029052,gps,42.3415806667,-71.0890671667,-21.0,327913,4689816,19,T
1580243755094845879,492,1580243755090095996,gps,42.3415818333,-71.0890668333,-21.0,327913,4689816,19,T
1580243756089472062,493,1580243756085349082,gps,42.3415823333,-71.0890668333,-21.0,327913,4689816,19,T
1580243757087320180,494,1580243757083492994,gps,42.3415831667,-71.089067,-21.0,327913,4689816,19,T
1580243758090261688,495,1580243758085865020,gps,42.341584,-71.0890668333,-21.0,327913,4689816,19,T
1580243759090515123,496,1580243759086405038,gps,42.3415846667,-71.0890665,-21.0,327913,4689816,19,T
1580243760089076994,497,1580243760084786891,gps,42.341585,-71.0890665,-21.0,327913,4689816,19,T
1580243761092170908,498,1580243761086461067,gps,42.3415856667,-71.0890661667,-21.1,327913,4689816,19,T
1580243762086929550,499,1580243762084323883,gps,42.3415865,-71.0890663333,-21.0,327913,4689816,19,T
1580243763088545244,500,1580243763084072113,gps,42.3415871667,-71.0890663333,-21.0,327913,4689816,19,T
1580243764087414048,501,1580243764083427906,gps,42.3415878333,-71.0890663333,-20.9,327913,4689817,19,T
1580243765096439444,502,1580243765091633081,gps,42.3415881667,-71.089066,-20.9,327913,4689817,19,T
1580243766092319392,503,1580243766088341951,gps,42.3415876667,-71.0890663333,-20.9,327913,4689817,19,T
1580243767092735853,504,1580243767086276054,gps,42.341588,-71.0890666667,-20.9,327913,4689817,19,T
1580243768088780489,505,1580243768084865093,gps,42.3415883333,-71.0890665,-20.8,327913,4689817,19,T
1580243769089638198,506,1580243769085732936,gps,42.3415881667,-71.0890666667,-20.8,327913,4689817,19,T
1580243770088064151,507,1580243770084070920,gps,42.3415881667,-71.0890675,-20.7,327913,4689817,19,T
1580243771091864457,508,1580243771086507081,gps,42.341588,-71.089068,-20.6,327913,4689817,19,T
1580243772089583556,509,1580243772085452079,gps,42.3415868333,-71.0890678333,-20.7,327913,4689816,19,T
1580243773088159835,510,1580243773084367036,gps,42.3415866667,-71.0890671667,-20.8,327913,4689816,19,T
1580243774087971729,511,1580243774084023952,gps,42.341585,-71.0890666667,-20.9,327913,4689816,19,T
1580243775091839297,512,1580243775087794065,gps,42.3415833333,-71.0890666667,-21.1,327913,4689816,19,T
1580243776088548594,513,1580243776084748029,gps,42.3415821667,-71.0890673333,-21.1,327913,4689816,19,T
1580243777092637331,514,1580243777088619947,gps,42.3415815,-71.0890681667,-21.0,327913,4689816,19,T
1580243778091623980,515,1580243778087703943,gps,42.341578,-71.089068,-21.2,327913,4689815,19,T
1580243779093270806,516,1580243779088761091,gps,42.3415738333,-71.089068,-21.4,327913,4689815,19,T
1580243780089867086,517,1580243780085685968,gps,42.3415693333,-71.0890676667,-21.6,327913,4689814,19,T
1580243781089605656,518,1580243781085361957,gps,42.3415688333,-71.0890676667,-21.6,327913,4689814,19,T
1580243782089612742,519,1580243782085848093,gps,42.341564,-71.0890666667,-22.0,327913,4689814,19,T
1580243783087691602,520,1580243783083684921,gps,42.3415621667,-71.0890658333,-22.0,327913,4689814,19,T
1580243784089659410,521,1580243784085664033,gps,42.3415585,-71.0890651667,-22.3,327913,4689813,19,T
1580243785090361501,522,1580243785086272954,gps,42.3415583333,-71.089065,-22.4,327913,4689813,19,T
1580243786093680207,523,1580243786089052915,gps,42.3415568333,-71.0890638333,-22.7,327913,4689813,19,T
1580243787091075487,524,1580243787087009906,gps,42.341562,-71.0890675,-21.7,327913,4689814,19,T
1580243788087827449,525,1580243788083602905,gps,42.3415603333,-71.089067,-21.8,327913,4689813,19,T
1580243789087804622,526,1580243789083910942,gps,42.3415591667,-71.0890671667,-21.9,327913,4689813,19,T
1580243790091114785,527,1580243790086955070,gps,42.3415585,-71.0890666667,-22.1,327913,4689813,19,T
1580243791096449888,528,1580243791092191934,gps,42.3415566667,-71.0890661667,-22.4,327913,4689813,19,T
1580243792088581599,529,1580243792084640979,gps,42.3415543333,-71.0890653333,-22.9,327913,4689813,19,T
1580243793098045848,530,1580243793093182086,gps,42.3415535,-71.089065,-23.2,327913,4689813,19,T
1580243794086151923,531,1580243794082325935,gps,42.3415516667,-71.0890633333,-23.5,327913,4689813,19,T
1580243795089013214,532,1580243795084906101,gps,42.3415503333,-71.0890618333,-23.8,327913,4689812,19,T
1580243796091389987,533,1580243796085551023,gps,42.3415478333,-71.089061,-24.3,327913,4689812,19,T
1580243797088673125,534,1580243797084721088,gps,42.341546,-71.0890608333,-24.6,327913,4689812,19,T
1580243798090614632,535,1580243798086735963,gps,42.341544,-71.0890593333,-25.1,327913,4689812,19,T
1580243799090529831,536,1580243799086447000,gps,42.3415441667,-71.089059,-25.3,327913,4689812,19,T
1580243800088977453,537,1580243800085086107,gps,42.3415453333,-71.089059,-25.5,327913,4689812,19,T
1580243801086374593,538,1580243801082175016,gps,42.3415466667,-71.0890606667,-25.6,327913,4689812,19,T
1580243802090350472,539,1580243802086450099,gps,42.3415455,-71.0890613333,-26.1,327913,4689812,19,T
1580243803095380840,540,1580243803091029882,gps,42.3415475,-71.0890626667,-26.2,327913,4689812,19,T
1580243804089371824,541,1580243804085562944,gps,42.3415478333,-71.0890631667,-26.8,327913,4689812,19,T
1580243805089921718,542,1580243805085937023,gps,42.3415468333,-71.0890611667,-27.5,327913,4689812,19,T
1580243806089016541,543,1580243806084029912,gps,42.3415473333,-71.0890608333,-27.9,327913,4689812,19,T
1580243807088512656,544,1580243807084400892,gps,42.3415485,-71.0890631667,-28.3,327913,4689812,19,T
1580243808089657898,545,1580243808085542917,gps,42.3415495,-71.0890643333,-28.7,327913,4689812,19,T
1580243809088781167,546,1580243809084964990,gps,42.3415508333,-71.0890641667,-29.7,327913,4689812,19,T
1580243810089930149,547,1580243810085973978,gps,42.3415516667,-71.0890651667,-30.0,327913,4689813,19,T
1580243811091888358,548,1580243811085855007,gps,42.3415533333,-71.0890668333,-30.1,327913,4689813,19,T
1580243812089710195,549,1580243812085788965,gps,42.3415546667,-71.0890678333,-30.6,327913,4689813,19,T
1580243813090423507,550,1580243813086601972,gps,42.3415568333,-71.0890703333,-30.2,327912,4689813,19,T
1580243814094069083,551,1580243814089679002,gps,42.3415573333,-71.0890708333,-31.0,327912,4689813,19,T
1580243815092789168,552,1580243815088280916,gps,42.3415586667,-71.0890726667,-30.9,327912,4689813,19,T
1580243816090094506,553,1580243816086030960,gps,42.3415571667,-71.0890711667,-32.1,327912,4689813,19,T
1580243817088290896,554,1580243817084404945,gps,42.3415571667,-71.089072,-32.3,327912,4689813,19,T
1580243818089882091,555,1580243818085228919,gps,42.3415576667,-71.0890715,-33.1,327912,4689813,19,T
1580243819081204273,556,1580243819079973936,gps,42.3415593333,-71.0890723333,-33.4,327912,4689813,19,T
1580243820090266010,557,1580243820086245059,gps,42.3415593333,-71.089072,-34.2,327912,4689813,19,T
1580243821092352439,558,1580243821088387966,gps,42.3415591667,-71.089072,-34.7,327912,4689813,19,T
1580243822091515650,559,1580243822084701061,gps,42.3415571667,-71.0890698333,-35.9,327912,4689813,19,T
1580243823091095451,560,1580243823086934089,gps,42.3415571667,-71.0890685,-37.2,327913,4689813,19,T
1580243824088778255,561,1580243824084714889,gps,42.3415571667,-71.0890683333,-37.5,327913,4689813,19,T
1580243825090596702,562,1580243825085309028,gps,42.3415558333,-71.0890653333,-39.2,327913,4689813,19,T
1580243826091980939,563,1580243826087992906,gps,42.3415571667,-71.0890643333,-39.7,327913,4689813,19,T
1580243827089424612,564,1580243827085345983,gps,42.3415598333,-71.0890638333,-40.7,327913,4689813,19,T
1580243828082305464,565,1580243828080774068,gps,42.3415633333,-71.0890658333,-40.4,327913,4689814,19,T
1580243829082278621,566,1580243829080604076,gps,42.3415655,-71.0890675,-39.8,327913,4689814,19,T
1580243830079790040,567,1580243830078066110,gps,42.3415656667,-71.0890691667,-39.5,327912,4689814,19,T
1580243831089274801,568,1580243831085335969,gps,42.3415663333,-71.0890711667,-39.1,327912,4689814,19,T
1580243832091444018,569,1580243832086843013,gps,42.3415683333,-71.0890773333,-37.7,327912,4689814,19,T
1580243833089355986,570,1580243833085304975,gps,42.3415693333,-71.0890818333,-37.0,327911,4689815,19,T
1580243834092238864,571,1580243834088057994,gps,42.3415696667,-71.089083,-38.2,327911,4689815,19,T
1580243835094282092,572,1580243835089998960,gps,42.3415686667,-71.0890835,-39.1,327911,4689814,19,T
1580243836083318827,573,1580243836081927061,gps,42.34157,-71.089086,-39.4,327911,4689815,19,T
1580243837093007682,574,1580243837089178085,gps,42.3415698333,-71.089088,-39.3,327911,4689815,19,T
1580243838101958840,575,1580243838097301006,gps,42.3415698333,-71.0890906667,-39.2,327911,4689815,19,T
1580243839094216837,576,1580243839089977025,gps,42.3415693333,-71.0890921667,-39.1,327911,4689815,19,T
1580243840092136800,577,1580243840088074922,gps,42.3415711667,-71.0890948333,-38.0,327910,4689815,19,T
1580243841089429676,578,1580243841085566043,gps,42.3415726667,-71.0890978333,-37.4,327910,4689815,19,T
1580243842093369198,579,1580243842089281082,gps,42.3415751667,-71.0890963333,-35.8,327910,4689815,19,T
1580243843093459831,580,1580243843088555097,gps,42.3415778333,-71.0890968333,-34.4,327910,4689815,19,T
1580243844092909655,581,1580243844089029073,gps,42.3415811667,-71.0890985,-32.7,327910,4689816,19,T
1580243845098473197,582,1580243845094922065,gps,42.3415813333,-71.0890988333,-31.4,327910,4689816,19,T
1580243846093510938,583,1580243846089673995,gps,42.3415838333,-71.0891073333,-29.2,327909,4689816,19,T
1580243847093163202,584,1580243847089238882,gps,42.3415883333,-71.0891111667,-26.8,327909,4689817,19,T
1580243848094424119,585,1580243848090025901,gps,42.3415933333,-71.08911,-24.6,327909,4689817,19,T
1580243849096540853,586,1580243849092238903,gps,42.341598,-71.0891178333,-21.8,327909,4689818,19,T
1580243850092941008,587,1580243850088968038,gps,42.3416005,-71.0891208333,-20.0,327908,4689818,19,T
1580243851097943915,588,1580243851093826055,gps,42.341604,-71.089126,-18.3,327908,4689818,19,T
1580243852090777353,589,1580243852086253881,gps,42.3416056667,-71.0891286667,-17.2,327908,4689819,19,T
1580243853098603551,590,1580243853094584941,gps,42.3416116667,-71.0891276667,-16.0,327908,4689819,19,T
1580243854093133748,591,1580243854089178085,gps,42.3416158333,-71.0891216667,-15.5,327908,4689820,19,T
1580243855094082734,592,1580243855091577053,gps,42.3416196667,-71.0891213333,-14.6,327908,4689820,19,T
1580243856093603183,593,1580243856089715003,gps,42.3416208333,-71.0891248333,-13.9,327908,4689820,19,T
1580243857102055211,594,1580243857096343994,gps,42.341623,-71.0891223333,-13.6,327908,4689821,19,T
1580243858103307674,595,1580243858096354007,gps,42.3416246667,-71.0891178333,-13.4,327909,4689821,19,T
1580243859094561430,596,1580243859090640068,gps,42.3416271667,-71.0891135,-12.9,327909,4689821,19,T
1580243860087727147,597,1580243860086340904,gps,42.3416303333,-71.0891125,-12.4,327909,4689821,19,T
1580243861088952614,598,1580243861086564064,gps,42.341631,-71.089111,-12.3,327909,4689821,19,T
1580243862093738945,599,1580243862089557886,gps,42.3416326667,-71.0891076667,-12.1,327909,4689822,19,T
1580243863092956654,600,1580243863088637113,gps,42.341632,-71.0891153333,-11.7,327909,4689822,19,T
1580243864092620031,601,1580243864088465929,gps,42.3416291667,-71.0891228333,-11.9,327908,4689821,19,T
1580243865093764604,602,1580243865089674949,gps,42.3416263333,-71.0891263333,-11.9,327908,4689821,19,T
1580243866091029279,603,1580243866085994958,gps,42.3416256667,-71.0891258333,-12.1,327908,4689821,19,T
1580243867093625219,604,1580243867089407920,gps,42.3416373333,-71.0891456667,-8.8,327906,4689822,19,T
1580243868085260396,605,1580243868083636045,gps,42.3416361667,-71.0891493333,-9.0,327906,4689822,19,T
1580243869090968932,606,1580243869086941003,gps,42.341645,-71.0891661667,-6.4,327905,4689823,19,T
1580243870087163687,607,1580243870085498094,gps,42.3416451667,-71.0891633333,-6.7,327905,4689823,19,T
1580243871093207547,608,1580243871088090896,gps,42.3416448333,-71.089165,-6.8,327905,4689823,19,T
1580243872085735836,609,1580243872084294080,gps,42.341643,-71.0891668333,-7.1,327905,4689823,19,T
1580243873097686408,610,1580243873093245029,gps,42.341643,-71.0891615,-7.4,327905,4689823,19,T
1580243874090162290,611,1580243874088517904,gps,42.3416415,-71.0891636667,-7.8,327905,4689823,19,T
1580243875095397156,612,1580243875090399980,gps,42.3416385,-71.0891668333,-8.0,327905,4689822,19,T
1580243876092916640,613,1580243876088233947,gps,42.3416341667,-71.0891686667,-8.6,327904,4689822,19,T
1580243877094568785,614,1580243877089601039,gps,42.341631,-71.0891698333,-8.9,327904,4689822,19,T
1580243878097581033,615,1580243878091892004,gps,42.3416293333,-71.0891715,-9.1,327904,4689821,19,T
1580243879093434167,616,1580243879089436054,gps,42.3416263333,-71.0891693333,-9.7,327904,4689821,19,T
1580243880088007945,617,1580243880085407018,gps,42.3416228333,-71.0891675,-10.3,327905,4689821,19,T
1580243881084916790,618,1580243881082560062,gps,42.3416191667,-71.0891653333,-11.1,327905,4689820,19,T
1580243882105224733,619,1580243882098031044,gps,42.3416156667,-71.0891638333,-11.9,327905,4689820,19,T
1580243883092236317,620,1580243883087837934,gps,42.3416116667,-71.0891615,-12.7,327905,4689819,19,T
1580243884087605128,621,1580243884085982084,gps,42.3416061667,-71.0891568333,-13.8,327905,4689819,19,T
1580243885093153233,622,1580243885089241981,gps,42.3416003333,-71.0891535,-14.8,327906,4689818,19,T
1580243886087569308,623,1580243886085740089,gps,42.3415965,-71.0891516667,-15.5,327906,4689818,19,T
1580243887096149930,624,1580243887091947078,gps,42.341594,-71.0891461667,-16.5,327906,4689817,19,T
1580243888087544468,625,1580243888085450887,gps,42.3415913333,-71.0891386667,-17.5,327907,4689817,19,T
1580243889091756775,626,1580243889087871074,gps,42.3415893333,-71.0891333333,-18.4,327907,4689817,19,T
1580243890094603476,627,1580243890090403079,gps,42.3415861667,-71.0891281667,-19.5,327908,4689816,19,T
1580243891092057294,628,1580243891087999105,gps,42.3415826667,-71.0891246667,-20.3,327908,4689816,19,T
1580243892081688220,629,1580243892080813884,gps,42.3415801667,-71.0891213333,-21.1,327908,4689816,19,T
1580243893090993880,630,1580243893087235927,gps,42.3415786667,-71.0891131667,-22.1,327909,4689816,19,T
1580243894089217787,631,1580243894088296890,gps,42.3415758333,-71.0891043333,-23.5,327910,4689815,19,T
1580243895089203896,632,1580243895088298082,gps,42.3415735,-71.0890965,-24.6,327910,4689815,19,T
1580243896088316045,633,1580243896087390899,gps,42.3415705,-71.0890908333,-25.5,327911,4689815,19,T
1580243897094515919,634,1580243897090284109,gps,42.3415653333,-71.0890843333,-26.7,327911,4689814,19,T
1580243898094914387,635,1580243898090960025,gps,42.341563,-71.0890805,-27.4,327912,4689814,19,T
1580243899094955173,636,1580243899089153051,gps,42.3415616667,-71.0890758333,-28.2,327912,4689814,19,T
1580243900095532385,637,1580243900091229915,gps,42.3415611667,-71.0890725,-28.7,327912,4689814,19,T
1580243901088536406,638,1580243901087594032,gps,42.3415588333,-71.0890698333,-29.4,327912,4689813,19,T
1580243902088338019,639,1580243902087435007,gps,42.3415556667,-71.0890673333,-30.3,327913,4689813,19,T
1580243903090557017,640,1580243903089663028,gps,42.3415543333,-71.0890638333,-30.7,327913,4689813,19,T
1580243904089573858,641,1580243904088640928,gps,42.3415551667,-71.0890605,-30.8,327913,4689813,19,T
1580243905094849074,642,1580243905090570926,gps,42.341555,-71.0890586667,-31.0,327913,4689813,19,T
1580243906083576889,643,1580243906082521915,gps,42.341554,-71.0890578333,-31.1,327913,4689813,19,T
1580243907088310886,644,1580243907085844039,gps,42.3415548333,-71.089059,-31.1,327913,4689813,19,T
1580243908093969700,645,1580243908090080022,gps,42.3415553333,-71.0890583333,-31.1,327913,4689813,19,T
1580243909088753913,646,1580243909086211919,gps,42.3415533333,-71.089056,-31.4,327914,4689813,19,T
1580243910088167826,647,1580243910084419012,gps,42.3415521667,-71.089057,-31.5,327913,4689813,19,T
1580243911097751100,648,1580243911093672990,gps,42.3415496667,-71.0890615,-31.5,327913,4689812,19,T
1580243912090961870,649,1580243912087140083,gps,42.3415455,-71.0890608333,-32.0,327913,4689812,19,T
1580243913085778698,650,1580243913084461927,gps,42.3415441667,-71.089062,-32.1,327913,4689812,19,T
1580243914092836793,651,1580243914088613033,gps,42.3415435,-71.0890625,-32.1,327913,4689812,19,T
1580243915090433414,652,1580243915086368083,gps,42.3415421667,-71.0890621667,-32.3,327913,4689811,19,T
1580243916090657484,653,1580243916086957931,gps,42.341541,-71.089063,-32.3,327913,4689811,19,T
1580243917093588049,654,1580243917087989091,gps,42.3415398333,-71.0890643333,-32.4,327913,4689811,19,T
1580243918089891515,655,1580243918085773944,gps,42.3415386667,-71.0890643333,-32.5,327913,4689811,19,T
1580243919092645256,656,1580243919088655948,gps,42.3415393333,-71.0890641667,-32.6,327913,4689811,19,T
1580243920089603907,657,1580243920085582017,gps,42.3415393333,-71.0890646667,-32.5,327913,4689811,19,T
1580243921082594525,658,1580243921081695079,gps,42.3415403333,-71.0890631667,-32.7,327913,4689811,19,T
1580243922092309134,659,1580243922088481903,gps,42.3415398333,-71.0890651667,-32.7,327913,4689811,19,T
1580243923087595901,660,1580243923086687088,gps,42.3415393333,-71.0890648333,-32.9,327913,4689811,19,T
1580243924085611487,661,1580243924083626031,gps,42.3415378333,-71.0890608333,-33.4,327913,4689811,19,T
1580243925089439420,662,1580243925088543891,gps,42.3415376667,-71.0890611667,-33.5,327913,4689811,19,T
1580243926084959797,663,1580243926083976984,gps,42.341536,-71.0890603333,-33.7,327913,4689811,19,T
1580243927088453610,664,1580243927086646080,gps,42.3415341667,-71.089058,-34.1,327913,4689811,19,T
1580243928087380492,665,1580243928085448980,gps,42.3415523333,-71.089078,-30.6,327912,4689813,19,T
1580243929095416100,666,1580243929091506004,gps,42.3415688333,-71.0890923333,-27.4,327911,4689814,19,T
